Patrick Fitzberg,patricfitz@test-email.com,AE
Jacob Connors,jconnors@test-email.com,DE
Novak Jokovic,novak@test-email.com,FR
Greg House,house123@test-email.com,US
Kayle Smith,kikismith@test-email.com,AE
Samantha Ochoa,sam5@test-email.com,DE
Tim Hills,timmy@test-email.com,FR
Ben Dover,bendover69@test-email.com,US